{"PCC-131766": {"port_2_idx": {"GND": 0, "VIN": 1, "VOUT": 2, "Sa0-left": 3, "Sa0-right": 4, "Sb0-left": 5, "Sb0-right": 6, "L0-left": 7, "L0-right": 8, "Sa1-left": 9, "Sa1-right": 10, "L1-left": 11, "L1-right": 12}, "idx_2_port": {"0": "GND", "1": "VIN", "2": "VOUT", "3": "Sa0-left", "4": "Sa0-right", "5": "Sb0-left", "6": "Sb0-right", "7": "L0-left", "8": "L0-right", "9": "Sa1-left", "10": "Sa1-right", "11": "L1-left", "12": "L1-right"}, "port_pool": ["GND", "VIN", "VOUT", "Sa0-left", "Sa0-right", "Sb0-left", "Sb0-right", "L0-left", "L0-right", "Sa1-left", "Sa1-right", "L1-left", "L1-right"], "component_pool": ["GND", "VIN", "VOUT", "Sa0", "Sb0", "L0", "Sa1", "L1"], "same_device_mapping": {"3": 4, "4": 3, "5": 6, "6": 5, "7": 8, "8": 7, "9": 10, "10": 9, "11": 12, "12": 11}, "comp2port_mapping": {"0": [0], "1": [1], "2": [2], "3": [3, 4], "4": [5, 6], "5": [7, 8], "6": [9, 10], "7": [11, 12]}, "port2comp_mapping": {"0": 0, "1": 1, "2": 2, "3": 3, "4": 3, "5": 4, "6": 4, "7": 5, "8": 5, "9": 6, "10": 6, "11": 7, "12": 7}, "list_of_node": [5, "VIN", "Sa0", 8, 9, "Sb0", 11, 12, "L0", "Sa1", "L1", "GND", "VOUT"], "list_of_edge": [["L0", 9], ["L1", 12], ["Sb0", 5], ["Sb0", 12], ["VIN", 11], ["VOUT", 9], ["Sa1", 12], ["L1", 11], ["L0", 8], ["Sa1", 9], ["Sa0", 8], ["Sa0", 5], ["GND", 5]], "netlist": [["Sa0", "0", "8"], ["Sb0", "0", "12"], ["L0", "OUT", "8"], ["Sa1", "OUT", "12"], ["L1", "IN", "12"]], "joint_list": ["12", "8"]}}