{"PCC-device-list": {"key": "OrderedDict([('C0', ['0', 'N-C0-L0-Sa1-Sb0']), ('L0', ['IN', 'N-C0-L0-Sa1-Sb0']), ('Sa0', ['IN', 'OUT']), ('Sa1', ['0', 'N-C0-L0-Sa1-Sb0']), ('Sb0', ['0', 'N-C0-L0-Sa1-Sb0'])])", "list_of_node": ["GND", 4, "Sa1", 7, "Sa0", "VIN", "Sb0", 11, 12, "VOUT", "C0", "L0"], "list_of_edge": [["C0", 11], ["Sb0", 11], ["L0", 7], ["Sa1", 11], ["Sa1", 12], ["VIN", 7], ["C0", 12], ["Sb0", 12], ["Sa0", 4], ["Sa0", 7], ["VOUT", 4], ["GND", 12], ["L0", 11]], "netlist": [["Sa0", "IN", "OUT"], ["Sb0", "0", "11"], ["L0", "IN", "11"], ["C0", "0", "11"], ["Sa1", "11", "0"]]}}