{"0": {"list_of_edge": [["Sa1", 11], ["Sa0", 11], ["GND", 6], ["Sa1", 7], ["VOUT", 11], ["C0", 7], ["Sa2", 12], ["VIN", 7], ["Sa0", 7], ["C0", 6], ["Sa2", 11], ["C1", 12], ["C1", 11]], "list_of_node": [6, 7, "VIN", "Sa1", 11, "C1", "VOUT", 12, "Sa0", "C0", "Sa2", "GND"], "netlist": [["Sa0", "OUT", "IN"], ["C0", "IN", "0"], ["Sa1", "IN", "OUT"], ["C1", "OUT", "N-C1-Sa2"], ["Sa2", "OUT", "N-C1-Sa2"]], "edge_attr": {"Sa0": [5e-06, 0, 0], "Sb0": [5.0, 0, 0], "C0": [0, 10.0, 0], "Sa1": [5e-06, 0, 0], "Sb1": [5.0, 0, 0], "C1": [0, 10.0, 0], "Sa2": [5e-06, 0, 0], "Sb2": [5.0, 0, 0]}, "edge_attr0": {"Sa0": [100000.0, 0, 0, 0, 0, 0.5], "Sb0": [0, 0.1, 0, 0, 0, 0.5], "C0": [0, 0, 10, 0, 0, 0], "Sa1": [100000.0, 0, 0, 0, 0, 0.5], "Sb1": [0, 0.1, 0, 0, 0, 0.5], "C1": [0, 0, 10, 0, 0, 0], "Sa2": [100000.0, 0, 0, 0, 0, 0.5], "Sb2": [0, 0.1, 0, 0, 0, 0.5]}, "node_attr": {"VIN": [1, 0, 0, 0], "VOUT": [0, 1, 0, 0], "GND": [0, 0, 1, 0], "6": [0, 0, 0, 1], "7": [0, 0, 0, 1], "11": [0, 0, 0, 1], "12": [0, 0, 0, 1]}, "duty_cycle": 0.5, "rout": 50, "cout": 10, "freq": 1}}